{"state0":8884.392578,"state1":45.000000,"state2":3234.000000,"state3":12565.000000,"state4":5725.000000,"state5":2174.000000,"state6":211.000000,"state7":-295.000000,"state8":0.000000,"state9":0.000000,"state10":0.642857,"state11":-0.904762,"state12":0.000000,"state13":30.375000,"state14":30.250000,"state15":34.700012,"state16":0.000000,"state17":23.338501,"state18":0.000000,"state19":59793.000000,"state20":0.000000,"state21":0.000000,"state22":0.000000,"state23":0.000000}
